{"products":[{"id":"0.8019281922997514","qty":5},{"id":"0.538795843380425","qty":1}],"totalQty":3,"totalPrice":19.99}