{"products":[{"id":"0.7443042338685844","qty":2}],"totalQty":10,"totalPrice":-161.96999999999997}