{"products":[{"id":"0.7443042338685844","qty":1}],"totalQty":8,"totalPrice":-180.95999999999998}